experiment_id,
cxip1001524
cxip1003424
cxi101365424
mfx100864724
mfx100848724
mfx100895324
mfx100852324
ued1011072
mfx100903824
mfx101080524
ued1006392
mfx100887924
cxilu8823
mfxl1035323
mfxp1004323
mfxp1003623
mfxp1004123
mfxp1003523
mfxl1033223
mfx100895323
mfxp1003923
mfxp1003023
mfxp1004023
mfxp1004423
mfxl1047723
mfxl1038723
mfxx1018223
mfxl1045123
mfxl1039823
mfxl1050023
mfxl1038923
mfxp1003323
mfxp1000922
mfxl1047922
mfxp1002422
mfxl1027922
mfxl1048022
mfxl1049022
mfxl1029722
mfxl1015522
mfxl1019822
mfxx1010622
cxil1002722
cxil1015922
mfxl1001622
mfxp1000522
mfxp1002722
mfxl1032222
mfxp1001622
mfxl1015222
mfxl1028322
mfxx1012122
cxix1010922
mfxx1012722
mfxl1028222
mfxl1025422
mfxl1012722
mfxl1027522
mfxp1001222
mfxp1001522
mfxp1003022
mfxp1002922
mfxp1000621
mfxp1002221
mfxp1002121
mfxl1012521
mfxl1013621
mfxl1001521
mfxl1005721
mfxp1001121
mfxp1000921
mfxl1010021
mfxl1014021
mfxl1000221
mfxl1008021
mfxl1013721
mfxx1005021
mfxp1000221
mfxx1004121
mfxp22421
mfxp24020
mfxp00020
mfxx49820
mfxp24420
mfxp24520
mfxp24620
mfxp00120
mfxp24120
mfxp24320
mfxly0020
mfxlx5520
mfxp23120
mfxp22120
mfxl00020
mfxp22820
mfxp22920
mfxlz0320
cxily6520
mfxly3820
mfxlv4920
mfxly9920
mfxly6420
mfxlz0420
cxilz0820
cxilw6120
cxilu8820
cxilz0720
mfxx1001621
cxip20119
cxip21119
mfxx45919
cxip20819
mfxlx4419
cxip21019
cxip21619
cxilv1019
mfxlx4719
cxix53419
cxilw5019
cxilu7619
mfxlw9519
mfxp20419
mfxlv0719
mfxlx3119
mfxlx4519
mfxlx4319
mfxp19819
mfxp19919
mfxp21319
mfxlv0019
mfxp19619
mfxp21419
mfxlv7219
mfxp18519
mfxlv7119
mfxp20319
mfxlw7919
mfxlx4219
mfxlv4618
mfxlx4418
mfxp16318
mfxlw3718
mfxlv4318
mfxp16418
mfxp16018
mfxp15618
mfxp15518
mfxlv5618
mfxlv7018
mfxlv3018
cxilv4718
mfxlu6818
cxilv4418
cxip14618
cxip17818
mfxp17918
mfxp17518
mfxp14718
cxilv9518
mfxlv1418
mfxp17218
cxix42018
mfxp17118
cxip17318
mfxp17318
mfxc00318
cxic00218
mfxc00118
cxilt4317
mfxp14317
mfxlu5017
cxils9717
mfxlu3417
cxilt5917
cxip14117
mfxlt7517
mfxlu4417
cxilu4517
cxils8317
cxils8717
cxix34517
mfxlt3017
cxilu5617
mfxlu4217
cxip11616
cxip12416
mfxls1016
mfxp09916
mfxp11216
mfxls3416
mfxp11016
mfxp11516
mfxls0016
mfxls4916
cxilr8416
mfxlr5016
mfxp11716
mfxp12016
mfxls0816
cxip12516
cxip09616
cxip10616
cxilr3816
mfxp09416
mfxp09516
mfxp11316
cxilr7616
mfxls5016
mfxp12216
cxip10316
mfxls2116
cxilr2316
cxip10016
cxip10916
cxip11416
cxilr2816
xppls5316
cxip10116
cxip12316
cxilq9816
cxils2316
cxilr3016
cxils2916
mfxp10815
mfxp11115
mfxlq2415
mfxlr1115
mfxlo9615
mfxp05215
mfxp05715
xpplq9215
mfxlo7415
mfxp09215
mfxlq4815
cxip06315
cxilo7715
cxilp5315
cxilq5415
cxilq1915
mfxlq7015
cxilp7315
cxip05515
cxip08315
mfxx22815
mfxlq7915
cxilp9515
cxilp4815
mfxlp4815
cxip08615
mfxp08415
mfxp06015
mfxp07515
mfxlq7515
mfxp05315
cxilp5515
cxip07815
cxilp5815
cxip07615
mfxlq3915
cxilo9115
cxip12715
cxilo8315
cxilp4115
mfxlq1215
cxi05116
mfxo1916
mfx01716
mfx01416
mfxn1116
mfxn7816
cxi12016
mfxn8416
cxi04216
cxi02616
cxi00716
cxi04116
cxio2016
mfxm9316
cxi04616
cxi02117
cxin5016
cxio4716
cxi03916
cxi00316
cxi04416
cxin1716
cxi11716
cxi03316
mfx01116
mfxo3516
mfxm4516
mfxm6016
xppm4516
cxim5916
cxil6216
cxim7916
cxi03116
cxim7316
cxim8116
cxim9516
xppm6016
cxim6816
cxim8716
cxim7116
cxim8616
cxi08416
cxim7216
cxim8916
cxim8816
cxik6916
amok8916
cxil0216
cxil1416
cxil2316
cxil8416
cxil8616
cxim0916
cxim1416
cxim1616
cxim4716
mfxk9616
mfxl0516
mfxl7116
mfxm4816
mfxm5116
cxik8315
cxij9415
cxik1315
cxik5615
cxik6315
cxik8115
xppj8415
xppk5815
xppk5915
xppk6515
cxi01515
cxi04915
cxik4315
xppj9515
cxik4516
cxij2415
cxik2715
xppk4715
cxif1215
cxij4915
cxij8615
cxik1515
cxik1715
cxik7515
xppk5315
xppk7615
xppk7915
cxic0415
cxic0515
cxii8715
xpph9015
cxij0115
xppg7915
xppg9515
xpph8115
xppi7515
cxih9615
cxii0115
cxii6915
cxii7115
cxii9515
cxih8015
cxii2415
cxii5615
cxii7615
cxii9615
xppi3915
cxig8015
cxih9515
cxii7715
cxii7815
cxii7915
cxii8515
cxij0315
cxij1015
cxih0815
cxii6815
cxii9415
cxih0115
cxii6315
cxig0715
cxig7515
cxie8014
cxie9214
cxig3614
cxig3514
cxie6414
cxie7114
cxif1214
cxig2815
cxig4314
cxig4415
cxig4914
cxig6514
cxig6614
cxig6714
cxig6815
cxig7014
cxig7414
cxie7914
cxie1414
cxie1514
cxie2214
cxie3014
cxie3214
cxie3914
cxie4314
cxi84914
cxic8214
cxic4414
cxid5714
cxid6014
cxid6214
cxid9114
cxid2714
cxib7714
cxib8914
cxib9414
cxib9914
cxic0314
cxic0614
cxic0914
cxic1114
cxic1314
cxic1414
cxis0913
cxia0613
cxia2514
cxib3214
cxib6714
cxib7813
cxia5213
cxib7913
cxib8013
cxib8113
cxib8313
cxib9013
cxib9713
cxib9213
cxi66013
cxi66913
cxi67213
cxi69113
cxi76413
cxi76713
cxi78513
cxis0113
cxis0213
cxis0313
cxis0413
cxis0513
cxis0613
cxis0813
cxi52212
cxi54012
cxi54312
cxi59712
cxi39912
cxi43112
cxi43212
cxi43312
cxi49012
cxi29111
cxi29411
cxi22010
amo10810
